,rf_fit_time,rf_score_time,rf_test_r2,rf_test_rmse,rf_test_mae,rf_test_maxae,linear_fit_time,linear_score_time,linear_test_r2,linear_test_rmse,linear_test_mae,linear_test_maxae
0,9.12046480178833,0.40734338760375977,0.6839145184275978,0.012663048424233795,0.0076477860902797075,0.12788852699610054,0.007855653762817383,0.010047197341918945,0.4708114357540157,0.01670512452565169,0.011701327604690307,0.11221528216646959
1,9.253099918365479,0.4172365665435791,0.6908877985359844,0.01248785518768307,0.00748209709470772,0.1170385885813019,0.006744384765625,0.014210700988769531,0.46504364512072865,0.016651772303889725,0.011609763322123177,0.10748467941870044
2,9.22554087638855,0.39920616149902344,0.7019627021551069,0.012305108680610789,0.0074050681858283335,0.1063718843939726,0.006028652191162109,0.011231184005737305,0.4853475949358564,0.016502060537543495,0.011626999426987491,0.1063585462739528
3,9.12103271484375,0.3946654796600342,0.6993187934214505,0.012350652313500143,0.007470748978208444,0.11588561341072257,0.00542449951171875,0.011420488357543945,0.48160131820555074,0.01641962976537562,0.011455883329121133,0.10601063582595283
4,9.334304332733154,0.3899397850036621,0.7002774393316691,0.012424579409520622,0.007472018433195733,0.11138063730781189,0.0048139095306396484,0.009544610977172852,0.46551143505679987,0.016629866807475333,0.011690598729187937,0.10666003418242698
mean,9.210888528823853,0.40167827606201173,0.6952722503743617,0.012446248803109685,0.007495543756443987,0.1157130501379819,0.006173419952392578,0.011290836334228515,0.47366308581459027,0.01658169078798717,0.01161691448242201,0.10774583557350052
std,0.09148561508208855,0.010807829657294274,0.0076552280347871446,0.0001398766890693502,9.043311293921772e-05,0.008000878785459681,0.00118173807682704,0.0018125892108458467,0.009332997413984996,0.00011733817276826604,9.828379948707665e-05,0.002557274418691666
