,rf_fit_time,rf_score_time,rf_test_r2,rf_test_rmse,rf_test_mae,rf_test_maxae,linear_fit_time,linear_score_time,linear_test_r2,linear_test_rmse,linear_test_mae,linear_test_maxae
0,0.759136438369751,0.061257362365722656,0.7803002077760656,0.004506243077992612,0.003517301350777019,0.01811978034984474,0.0015761852264404297,0.002101898193359375,0.9777357464065383,0.0014898010158858497,0.0011653882349684636,0.005707772612984718
1,0.8263974189758301,0.06125044822692871,0.7688642687845708,0.004940329824456718,0.003936292425204276,0.019550686429270825,0.0016362667083740234,0.002414703369140625,0.9807224760922679,0.001461905869642066,0.001128789015378802,0.005531957786648278
2,0.7350890636444092,0.05720186233520508,0.7935239523330283,0.004698951150321979,0.003789857447286852,0.016332956575841773,0.001332998275756836,0.0021550655364990234,0.9836890265288831,0.0013631556492232281,0.001073646203753533,0.006705624080532657
3,0.7195277214050293,0.05986785888671875,0.7659129727506669,0.004885299405115145,0.003700957616862783,0.020649372754388162,0.0011267662048339844,0.002328634262084961,0.9793781457550302,0.0014895922014392902,0.0011566355367498323,0.005591092373097295
4,0.7024683952331543,0.03899836540222168,0.7871851129068848,0.004730686887012944,0.003704819561441641,0.017566113804546757,0.0013310909271240234,0.0020818710327148438,0.9813381550826974,0.0014447449521579733,0.0011265244092667109,0.005717971028357249
mean,0.7485238075256347,0.055715179443359374,0.7791573029102433,0.004752302068979879,0.0037298456803145142,0.018443781982778452,0.0014006614685058594,0.0022164344787597655,0.9805727099730834,0.0014498399376696816,0.0011301966800234685,0.00585088357632404
std,0.04826824434508556,0.009490282349823383,0.01176341163735916,0.0001709541546054909,0.00015236271649020185,0.0016897285649822692,0.00020661280332777535,0.0001473867133004911,0.0022245848450439297,5.211247859726573e-05,3.58848231954092e-05,0.00048423469293412945
