,rf_fit_time,rf_score_time,rf_test_r2,rf_test_rmse,rf_test_mae,rf_test_maxae,linear_fit_time,linear_score_time,linear_test_r2,linear_test_rmse,linear_test_mae,linear_test_maxae
0,9.979849576950073,0.47055768966674805,0.8143919049251346,0.0033104880035694276,0.0024742721679946174,0.019255591926497173,0.011952877044677734,0.012207269668579102,0.9049457044146322,0.0013783017703439435,0.0010411223972717674,0.006010490658468037
1,9.87921929359436,0.4581918716430664,0.8296046356379393,0.0032047836083302157,0.0024058229185387977,0.016880724108645828,0.013867855072021484,0.011671304702758789,0.9061854926411924,0.001379865572189396,0.0010515923989233848,0.0063654634148356815
2,9.568045616149902,0.4357779026031494,0.8229002522994601,0.003281822632302879,0.0024403193280667294,0.01697769242046321,0.005773067474365234,0.01057744026184082,0.9056476318909332,0.001390632826588384,0.001061216904454345,0.0058829698295503885
3,9.517425537109375,0.4511284828186035,0.8145026593733355,0.003368698007217695,0.00252943390452793,0.015840504610825867,0.007131099700927734,0.010735511779785156,0.904922843111794,0.00140101838656096,0.001054244488902957,0.007713952827979376
4,9.702908992767334,0.4547405242919922,0.8149101343276773,0.003394281147442623,0.002544800302305467,0.01591119947725017,0.005552530288696289,0.010788917541503906,0.9046080196303499,0.0014321253576525168,0.0010933543299106012,0.006702593701788939
mean,9.729489803314209,0.45407929420471194,0.8192619173127094,0.003312014679772568,0.0024789297242867087,0.01697314250873645,0.008855485916137695,0.011196088790893555,0.9052619383377805,0.00139638878266704,0.001060306103892611,0.006535094086524485
std,0.19801575352356587,0.01257513675679284,0.006810192283781347,7.482172890690869e-05,5.86230881221377e-05,0.0013810076771069981,0.0038112335110907876,0.0007086893787614225,0.0006411534938410937,2.197625737899307e-05,1.983495166926008e-05,0.0007326345305571082
