,rf_fit_time,rf_score_time,rf_test_r2,rf_test_rmse,rf_test_mae,rf_test_maxae,linear_fit_time,linear_score_time,linear_test_r2,linear_test_rmse,linear_test_mae,linear_test_maxae
0,59.12919855117798,7.565718412399292,0.20037810118301064,0.009362786171991915,0.005978820899987298,0.07576374622277182,0.11616873741149902,0.18505406379699707,0.905603263554667,0.001410877949700211,0.0010735202690772036,0.007720136567585967
1,52.87202787399292,6.984326124191284,0.2281468453417592,0.009172386926824264,0.005836596385175155,0.07426275061359311,0.13032197952270508,0.2064065933227539,0.9058070827138194,0.0013970846695522913,0.001063442803753596,0.008532677994651294
2,58.50712251663208,6.404242753982544,0.21264244691439987,0.009192064739378707,0.00584327947230158,0.06838792306242603,0.12006855010986328,0.19646334648132324,0.9055791600870507,0.0013986794290689315,0.0010651838822921468,0.0071612294408035515
3,52.74128866195679,6.208420038223267,0.20181748796183852,0.009240593702047124,0.00593404164298735,0.07734266648754828,0.10862541198730469,0.210723876953125,0.9056936770761971,0.0013932616127967552,0.0010600102441918498,0.007255668043674723
4,54.96769309043884,6.319292068481445,0.19182349724518624,0.00938064838648345,0.00600412828819623,0.07967838714910402,0.1370680332183838,0.19852733612060547,0.9061593290635271,0.0013913120352904507,0.001056518110181522,0.00898384111112105
mean,55.64346613883972,6.696399879455567,0.2069616757292389,0.009269695985345092,0.005919373337729522,0.07508709470708866,0.12245054244995117,0.19943504333496093,0.9057685024990523,0.0013982431392817278,0.0010637350618992636,0.007930710631567316
std,3.037722488832094,0.5710312265188519,0.01396471573445428,9.659040361491116e-05,7.677055701259575e-05,0.004248054599688026,0.011312600853849804,0.009905904309288675,0.00023610756981737598,7.648964698928771e-06,6.401043546161563e-06,0.0008005582033826343
