,mean_fit_time,std_fit_time,mean_score_time,std_score_time,param_n_estimators,param_max_depth,params,split0_test_score,split1_test_score,split2_test_score,mean_test_score,std_test_score,rank_test_score
0,99.20159435272217,0.20300747881474404,2.462336778640747,0.06474984397545082,55,68,"{'n_estimators': 55, 'max_depth': 68}",0.8473133953165983,0.8472870028408542,0.8480016235654613,0.8475340072409713,0.0003308301788844991,1
1,66.1251893043518,3.89808961043076,1.3636531829833984,0.44259310295160853,38,21,"{'n_estimators': 38, 'max_depth': 21}",0.8456115660890556,0.8448113702104652,0.8453048148006768,0.8452425837000659,0.0003296289767205269,2
2,32.99233444531759,4.367154773830302,0.6368473370869955,0.0737438820510756,20,35,"{'n_estimators': 20, 'max_depth': 35}",0.8393715881962807,0.8395768861007913,0.8389453548734482,0.83929794305684,0.0002630280437517064,3
