,dnn_fit_time,dnn_score_time,dnn_test_r2,dnn_test_rmse,dnn_test_mae,dnn_test_maxae,linear_fit_time,linear_score_time,linear_test_r2,linear_test_rmse,linear_test_mae,linear_test_maxae
0,3.067138195037842,0.0029289722442626953,-5783.929159509822,0.7950194059657334,0.7402520910751922,1.3224692938734237,0.002115011215209961,0.0022478103637695312,0.9768074910191413,0.0015964945695636711,0.001218623790602829,0.006079743656878023
1,3.1010117530822754,0.003002643585205078,-9928.152256894595,0.9157248382091122,0.8824649697210871,1.3876706670543453,0.0014526844024658203,0.001966238021850586,0.981255146765331,0.001475842896941406,0.0011582240652332867,0.00593946911782528
2,3.0077130794525146,0.003016948699951172,-5282.4057681320155,0.6803796515207848,0.6337877001585034,0.9397867705554759,0.0026216506958007812,0.0037817955017089844,0.9806897372003484,0.0014739224561375376,0.001157582823628596,0.005041593144048395
3,2.9931929111480713,0.0029726028442382812,-7314.810818578114,0.7416114043110547,0.7145966535774537,1.1305061319693883,0.002521038055419922,0.0026395320892333984,0.9776741965020582,0.0015598120723415946,0.001268198865909337,0.006374052548818621
4,2.7659947872161865,0.0025548934936523438,-6698.012955006064,0.7867974709335882,0.6989378318582372,1.2377513082370541,0.0012900829315185547,0.0020961761474609375,0.978261179917547,0.0015514418152387623,0.0012510475389697026,0.005246328394364341
mean,2.987010145187378,0.002895212173461914,-7001.462191624121,0.7839065541880547,0.7340078492780948,1.2036368343379373,0.002000093460083008,0.0025463104248046875,0.9789375502808852,0.0015315027620445942,0.0012107354168687501,0.005736237372386932
std,0.13108346340853366,0.0001932014183707108,1816.1308605666215,0.0866236286406814,0.09182767297464936,0.17615217720758067,0.0006071849772023742,0.0007354115855626006,0.0019385629060513312,5.439767951857827e-05,5.1410071539600325e-05,0.000567593454824084
