,mean_fit_time,std_fit_time,mean_score_time,std_score_time,param_hidden_layer_sizes,params,split0_test_score,split1_test_score,split2_test_score,mean_test_score,std_test_score,rank_test_score
0,42.3673939704895,1.6827258025619487,0.0007925033569335938,0.0001114138634061531,"(5,)","{'hidden_layer_sizes': (5,)}",-39.55004539094143,-0.83396730814465,-305.43606597170594,-115.27335955693069,135.39109980293463,2
1,30.79491440455119,2.3781054695148045,0.0006889502207438151,0.00014941831823321334,"(10,)","{'hidden_layer_sizes': (10,)}",-23.701132837704296,-7.06179847406711,-41.2065704610443,-23.989833924271903,13.941039529597605,1
