,rf_fit_time,rf_score_time,rf_test_r2,rf_test_rmse,rf_test_mae,rf_test_maxae,linear_fit_time,linear_score_time,linear_test_r2,linear_test_rmse,linear_test_mae,linear_test_maxae
0,125.04367351531982,5.000810861587524,0.9625402828804446,0.002017553998390387,0.0013670991171295039,0.013971257021751282,0.21904516220092773,0.16739439964294434,0.9815292482996337,0.0014510855637703685,0.001144915143450985,0.008503547350919738
1,122.86608552932739,5.062040090560913,0.9615870137577821,0.0020423162758525593,0.0013755632482097598,0.01598336072618356,0.21472525596618652,0.1837015151977539,0.9814601649752631,0.0014517272208740717,0.00114261432053275,0.006807099258091309
2,123.41611766815186,4.993394613265991,0.9616074830295259,0.00203250307787719,0.001375147070847878,0.016468915796543637,0.09777021408081055,0.20134258270263672,0.9810813433683867,0.001458320115792372,0.0011480948792402894,0.00848607472127827
3,124.14054584503174,5.15829873085022,0.9621307424463071,0.0020148998455408428,0.0013594702173236192,0.013495616187593207,0.07792830467224121,0.23085403442382812,0.9811664185549951,0.0014559672711951526,0.0011490921196465863,0.007661463670163071
4,122.94184422492981,4.8557212352752686,0.9616684802955642,0.0020213732070969207,0.0013712156592180843,0.01606310344320816,0.08627438545227051,0.20144963264465332,0.9811478214496474,0.0014499746119012687,0.001144124998141997,0.007292170869773407
mean,123.68165335655212,5.014053106307983,0.9619068004819248,0.00202572928095158,0.001369699062545769,0.01519645063505597,0.13914866447448732,0.19694843292236328,0.9812769993295852,0.0014534149567066467,0.0011457682922025214,0.007750071174045159
std,0.9149670571559723,0.11043172395420794,0.0004183601767978227,1.144661544226548e-05,6.666305651827297e-06,0.0013586224067373266,0.07132858740342464,0.023654179740011744,0.00020271623280698926,3.559683657874017e-06,2.731146809380266e-06,0.0007443365474251726
