,rf_fit_time,rf_score_time,rf_test_r2,rf_test_rmse,rf_test_mae,rf_test_maxae,linear_fit_time,linear_score_time,linear_test_r2,linear_test_rmse,linear_test_mae,linear_test_maxae
0,123.20890283584595,5.134312152862549,0.9613837291281597,0.002046177522137907,0.0013804428858577619,0.013961971031608011,0.1652073860168457,0.16229033470153809,0.9811563295391594,0.0014594363536205776,0.0011524103803736635,0.007044053965575392
1,123.25179076194763,5.147965908050537,0.9609308955047234,0.002057244675293203,0.0013853486584459176,0.014050583332055444,0.1656191349029541,0.2121257781982422,0.9812090346615316,0.0014561657421585793,0.0011491837324310147,0.007687722264383856
2,122.96726560592651,5.1570000648498535,0.9612735799805042,0.0020522675781875794,0.0013852505020583862,0.014310975018923311,0.11814260482788086,0.205596923828125,0.9811634314607448,0.001460785438165455,0.001151283265686022,0.007747694038710784
3,123.62944555282593,5.117229700088501,0.9620304249159672,0.0020325008288784854,0.0013697790203432694,0.012905253593160526,0.11829805374145508,0.1989588737487793,0.9815792903386787,0.0014454734080473904,0.0011392519785113425,0.007767903076427607
4,122.56508111953735,4.857461452484131,0.9615112075750498,0.002046515100838231,0.001368782055465513,0.0447610033391076,0.11094331741333008,0.21383070945739746,0.9813369057546727,0.0014584039623954327,0.001147716061135041,0.008947800121553495
mean,123.12449717521667,5.082793855667115,0.961425967420881,0.0020469411410670812,0.0013779206244341697,0.01999795726297098,0.13564209938049315,0.1985605239868164,0.9812889983509574,0.0014560529808774869,0.0011479690836274168,0.007839034693330226
std,0.39241843947264016,0.1268548502662489,0.00040085438589753926,9.271205291077123e-06,8.140389393672644e-06,0.01385334842032837,0.027339563328590197,0.02110918592802723,0.00017771241278683565,6.150417741354699e-06,5.201832206257263e-06,0.0006887767064854681
