,dnn_fit_time,dnn_score_time,dnn_test_r2,dnn_test_rmse,dnn_test_mae,dnn_test_maxae,linear_fit_time,linear_score_time,linear_test_r2,linear_test_rmse,linear_test_mae,linear_test_maxae
0,26.74384379386902,0.01801013946533203,0.21206336969211892,0.009523433545515934,0.0073182255806546635,0.045277392698565566,0.01050710678100586,0.011687755584716797,0.9816701424055752,0.0014577698814398049,0.001139084974415834,0.007246494612944021
1,25.697478771209717,0.029850244522094727,0.3879723276747477,0.008689729837691201,0.006767355666844078,0.035432826972307985,0.010033130645751953,0.01801156997680664,0.9800514707126179,0.0015064636283895628,0.001192142925656835,0.006936387871060878
2,26.519129276275635,0.01533818244934082,0.4089028051940235,0.00839594012754056,0.006496809766523674,0.03771918045882716,0.007559299468994141,0.018339872360229492,0.9812219024383099,0.0014448042903706041,0.0011336868969240917,0.006811372954905193
3,26.184592962265015,0.016640424728393555,0.18096605182717798,0.010069831549036679,0.007802230508491712,0.04144937498895129,0.006837606430053711,0.01910233497619629,0.9809432609913177,0.0014712479481418699,0.0011637402905478446,0.007034951640125464
4,25.72282600402832,0.015329837799072266,0.09550649538766835,0.010205791222196775,0.007994473111341776,0.046119478490928456,0.00572514533996582,0.02327728271484375,0.9812228686084082,0.001439161544681674,0.0011321773432310057,0.00639895072375074
mean,26.17357416152954,0.01903376579284668,0.2570822099551473,0.00937694525639623,0.00727581892677118,0.041199650721916094,0.008132457733154297,0.018083763122558594,0.9810219290312459,0.001463889458604703,0.0011521664861551223,0.006885631560557259
std,0.467594355996725,0.00614712378355353,0.1361146512137094,0.0008098104659346436,0.0006443526738342044,0.004643947042272097,0.0020646924027842494,0.004153006458955841,0.0006017733511386825,2.683220965241402e-05,2.5711163264857405e-05,0.00031522508197483597
