,rf_fit_time,rf_score_time,rf_test_r2,rf_test_rmse,rf_test_mae,rf_test_maxae,linear_fit_time,linear_score_time,linear_test_r2,linear_test_rmse,linear_test_mae,linear_test_maxae
0,112.32140922546387,5.651278018951416,0.8547790909660087,0.003379058628336207,0.0021718124465879137,0.025660641352488134,0.11635851860046387,0.20860958099365234,0.9054335387153256,0.0014068565224376495,0.0010698771888636228,0.007688426802373471
1,110.50949382781982,5.70301079750061,0.8648881106466217,0.003129406162658356,0.0020347482393986197,0.024585385984258967,0.11267638206481934,0.18104076385498047,0.9058729449819789,0.0013922095859914953,0.0010591801179868827,0.007259892870543072
2,111.38025450706482,5.31700873374939,0.827956420620179,0.0038105983005968657,0.002439811847163707,0.03193617423494377,0.10866498947143555,0.19991397857666016,0.9057082122113148,0.0014045048866942627,0.0010657825532183335,0.008978540654069778
3,110.30291652679443,5.308372259140015,0.8392735450007465,0.00370717077238059,0.0023722293766961174,0.027368430119012133,0.10859870910644531,0.20672821998596191,0.9058549229959472,0.0013970800716285273,0.0010612814990176465,0.008980736022192293
4,114.39172792434692,5.090116024017334,0.795889220419682,0.004417543465816203,0.0027852125664636694,0.04614357047354789,0.10191917419433594,0.2010631561279297,0.9059490840295195,0.0013965707948947119,0.0010663571214200554,0.008502279722499284
mean,111.78116040229797,5.413957166671753,0.8365572775306477,0.0036887554659576437,0.0023607628952620053,0.03113884043285018,0.1096435546875,0.1994711399078369,0.9057637405868171,0.0013994443723293292,0.0010644956961013083,0.00828197521433558
std,1.6635803217045415,0.25753322379957044,0.026785790578506885,0.0004886462224696739,0.00028658574993721314,0.008845225959447181,0.005385260634977173,0.010938300826917614,0.00020414988356143036,6.056778708534632e-06,4.262270621128328e-06,0.0007776496945252792
