,dnn_fit_time,dnn_score_time,dnn_test_r2,dnn_test_rmse,dnn_test_mae,dnn_test_maxae,linear_fit_time,linear_score_time,linear_test_r2,linear_test_rmse,linear_test_mae,linear_test_maxae
0,120.8265631198883,0.2273576259613037,0.9626591877957219,0.0020077860784471625,0.0015554592797690939,0.0150895772601507,0.20356082916259766,0.21668624877929688,0.9811730139274041,0.0014513592644698346,0.0011420631611018832,0.007301921023958546
1,140.00651788711548,0.23128533363342285,0.9698624377434687,0.0018194455537954702,0.0014252357324978048,0.009297964298746964,0.19257116317749023,0.22262859344482422,0.9813752346944543,0.0014536568368003118,0.001145738107485746,0.00894913717417467
2,112.52720236778259,0.24717283248901367,0.970701713919765,0.0017190608679958275,0.0013667906381509035,0.014661696740474683,0.18118572235107422,0.19510841369628906,0.9816048390135507,0.0014438492087008009,0.001141647166333383,0.008571093250240747
3,119.07479405403137,0.22851991653442383,0.9715572269066765,0.0017249380738338408,0.001371333092752683,0.009106150546593694,0.18097567558288574,0.21799039840698242,0.9813583234415719,0.001453026924740055,0.0011490126187964891,0.007062223432012349
4,122.89439868927002,0.26353979110717773,0.9687366910652281,0.0018835489043577253,0.00147111039623549,0.009710678092230918,0.09632062911987305,0.17159104347229004,0.981236112692375,0.0014480493248072818,0.0011418615092145083,0.007310633027357016
mean,123.06589522361756,0.23957509994506837,0.968703451486172,0.0018309558956860054,0.001437985827881195,0.011573213387639392,0.17092280387878417,0.20480093955993653,0.9813495047538712,0.001449988311903657,0.001144064512586402,0.007839001581548665
std,10.235009174575813,0.015590349086800926,0.0035360488005009294,0.0001203408719419423,7.837594656564952e-05,0.0030263732217565326,0.04273688207678421,0.02138860618838236,0.00016578763124751151,4.062604242380598e-06,3.2398637888636213e-06,0.000857229898186653
