,rf_fit_time,rf_score_time,rf_test_r2,rf_test_rmse,rf_test_mae,rf_test_maxae,linear_fit_time,linear_score_time,linear_test_r2,linear_test_rmse,linear_test_mae,linear_test_maxae
0,0.8748736381530762,0.0490572452545166,0.6901689694512446,0.004438331033832409,0.003317472266529744,0.015851345342102863,0.003711700439453125,0.0027010440826416016,0.8994947308581189,0.0014978934529475308,0.0011194408932780659,0.005151258622630883
1,0.7930259704589844,0.05566906929016113,0.7387726925033891,0.004570473131122156,0.0034340092339234874,0.015440542083247744,0.0018739700317382812,0.0022857189178466797,0.9080643143808245,0.0013530169928707783,0.0010670502969551963,0.004336819046446672
2,0.7066824436187744,0.03932833671569824,0.7157282987028436,0.00431295469053633,0.0033117833753557053,0.017107225574946816,0.0012629032135009766,0.002056598663330078,0.9003674766337247,0.0014016291661179527,0.0010847216766504111,0.00620339635100331
3,0.7665004730224609,0.04957866668701172,0.713424746460353,0.004729185029383861,0.0035850244171858428,0.02181536956524588,0.0012705326080322266,0.0022051334381103516,0.904803801584097,0.0013363615018708674,0.0010084264670326105,0.0050892594879704545
4,0.7237429618835449,0.03787398338317871,0.7089924474810296,0.004422284601368622,0.003338349982665926,0.01814314693118646,0.00131988525390625,0.002158641815185547,0.9034660697870471,0.0013676936715671729,0.0010619680435743435,0.004890598481073982
mean,0.7729650974273682,0.04630146026611328,0.7134174309197719,0.004494645697248676,0.0033973278551321408,0.017671525899345952,0.0018877983093261719,0.0022814273834228516,0.9032392786487625,0.0013913189570748604,0.0010683214754981254,0.00513426639782506
std,0.06641872757689436,0.007512212562166009,0.01738031136435972,0.0001598261473281602,0.00011591881366791882,0.0025496395642260945,0.0010512904292867126,0.00024876776658573,0.003465870057476748,6.424550575864339e-05,4.034710492457224e-05,0.0006783527007198497
