,rf_fit_time,rf_score_time,rf_test_r2,rf_test_rmse,rf_test_mae,rf_test_maxae,linear_fit_time,linear_score_time,linear_test_r2,linear_test_rmse,linear_test_mae,linear_test_maxae
0,0.1435844898223877,0.03670239448547363,0.4961854589984013,0.006131950710754646,0.004730912840146085,0.01736926416825957,0.014120340347290039,0.0017964839935302734,0.9040085644211651,0.0014686956427704208,0.0011319074504167537,0.004404905366080292
1,0.16091060638427734,0.02456355094909668,0.6559587013774864,0.004199318474126267,0.0033902672935596204,0.011184151760588401,0.012481689453125,0.0010898113250732422,0.8279004235950551,0.001720258136561153,0.0012721574350829043,0.005730624384082006
2,0.13261723518371582,0.026321887969970703,0.5477082442121204,0.00586801764848613,0.004473021931298305,0.016202744747050413,0.0008702278137207031,0.0011327266693115234,0.899079653299161,0.0013910416355268527,0.0010174116654915522,0.004501011077174155
3,0.13634729385375977,0.023763656616210938,0.44982966456801843,0.008640055668092587,0.006658445122664245,0.02283740655439681,0.0006575584411621094,0.0010113716125488281,0.8302776127759154,0.0013317430378247733,0.0009372893732777788,0.0050331500609746005
4,0.11706137657165527,0.024679183959960938,0.2105838438668042,0.005592726437876109,0.004476306666230923,0.016701344159808507,0.0007588863372802734,0.0010313987731933594,0.8425288686535927,0.0016044161822393434,0.0012000765130833343,0.004900325955446205
mean,0.13810420036315918,0.02720613479614258,0.4720531826045661,0.006086413787867148,0.0047457907707798355,0.01685898227802074,0.005777740478515625,0.0012123584747314453,0.8607590245489778,0.0015032309269845086,0.0011117684874704646,0.004914003368751451
std,0.016016863524427175,0.005389346585469834,0.16506619490359878,0.0016105676996146328,0.0011877432847941223,0.004143100991733649,0.006892581990197802,0.0003300393091688299,0.037683338464311524,0.00015852955929383575,0.00013534647287225996,0.0005270190456254822
