,dnn_fit_time,dnn_score_time,dnn_test_r2,dnn_test_rmse,dnn_test_mae,dnn_test_maxae,linear_fit_time,linear_score_time,linear_test_r2,linear_test_rmse,linear_test_mae,linear_test_maxae
0,0.8470995426177979,0.0016171932220458984,-21557.76105815703,1.093258740248422,1.0839461027188209,1.4220587859931788,0.0020744800567626953,0.002010345458984375,0.9379988975107691,0.0020719257484389905,0.0015235111169808946,0.00686086488598836
1,0.8281638622283936,0.002068758010864258,-13615.537030027866,0.9684727866493302,0.8712431396134496,1.5001491385064023,0.0017964839935302734,0.0019600391387939453,0.9670830795693699,0.0016215884186631365,0.0012571788804135152,0.005851089554547939
2,0.8437340259552002,0.0015976428985595703,-8278.750458738492,0.8732725980121318,0.8369398164698331,1.3589346324844962,0.01887798309326172,0.0016326904296875,0.9804355915919468,0.0015315773553785264,0.0011433749603947023,0.005438084479239769
3,0.8620760440826416,0.0016160011291503906,-12626.236883122125,0.8176147173255164,0.7767940571974484,1.2402202040206707,0.0020279884338378906,0.002012491226196289,0.960452883291896,0.0016071517297148628,0.0011139294551141498,0.0054829645092489
4,0.8242902755737305,0.0013761520385742188,-10780.561740126755,0.8995464956772415,0.8652388841234165,1.2915936813249993,0.0008301734924316406,0.0010898113250732422,0.9855253934479004,0.0012148673823316998,0.0008822063356208562,0.0037799155673045037
mean,0.8410727500915527,0.0016551494598388671,-13371.769434034451,0.9304330675825284,0.8868324000245937,1.3625912884659495,0.005121421813964844,0.0017410755157470704,0.9662991690823765,0.001609422126905443,0.0011840401497048235,0.005482583799265894
std,0.015271164106396066,0.00025258259388114375,5006.967642476392,0.1059581281285967,0.11636239034250087,0.10306218878779416,0.0077065911083781646,0.0003968659192226218,0.01874289924841451,0.00030651102272590165,0.00023359293118324422,0.0011109134404000901
