,mean_fit_time,std_fit_time,mean_score_time,std_score_time,param_n_estimators,param_max_depth,params,split0_test_r2,split1_test_r2,split2_test_r2,mean_test_r2,std_test_r2,rank_test_r2,split0_test_rmse,split1_test_rmse,split2_test_rmse,mean_test_rmse,std_test_rmse,rank_test_rmse
0,95.06298899650574,0.9904765910769003,4.394176244735718,0.05162096056190888,53,55,"{'n_estimators': 53, 'max_depth': 55}",0.8479753047738543,0.8472768861476381,0.8472029111850576,0.8474850340355168,0.0003479867060916614,2,0.002772316908587535,0.0027975030276045634,0.002784995031059021,0.0027849383224170395,1.0282268222123508e-05,2
1,102.50827066103618,2.5116205523557675,4.318386475245158,0.6123353268648223,59,77,"{'n_estimators': 59, 'max_depth': 77}",0.8484137153120705,0.8480059281501366,0.8474144025419726,0.8479446820013933,0.0004102599348154026,1,0.002766369893378447,0.0027893604498458523,0.0027851312655395684,0.002780287202921289,9.991333866826592e-06,3
2,51.23461238543192,3.05642427783938,2.2697110970815024,0.12026189037363721,30,71,"{'n_estimators': 30, 'max_depth': 71}",0.8437017559125903,0.8437319617532549,0.8435277045261643,0.8436538073973366,9.001684579740028e-05,3,0.0028315104372210642,0.0028518622861222823,0.0028343287798038245,0.00283923383438239,9.00348483416411e-06,1
