,mean_fit_time,std_fit_time,mean_score_time,std_score_time,param_hidden_layer_sizes,params,split0_test_score,split1_test_score,split2_test_score,mean_test_score,std_test_score,rank_test_score
0,85.45828636487325,3.0295257840488987,0.004311402638753255,0.005268469376150016,"(5,)","{'hidden_layer_sizes': (5,)}",-8.436000771948624,-2.830308691772568,-18.90894174379598,-10.05841706917239,6.663571924352478,1
1,51.9548286596934,5.050261536146355,0.0006196498870849609,5.178167594117525e-05,"(10,)","{'hidden_layer_sizes': (10,)}",-51.963464997995786,-114.92461229326858,-59.70682445679884,-75.53163391602108,28.03384814826268,2
