,rf_fit_time,rf_score_time,rf_test_r2,rf_test_rmse,rf_test_mae,rf_test_maxae,linear_fit_time,linear_score_time,linear_test_r2,linear_test_rmse,linear_test_mae,linear_test_maxae
0,0.8325293064117432,0.04267096519470215,0.5603109881617651,0.0027266125393331864,0.00193628836601376,0.01683832174262223,0.003102540969848633,0.005043745040893555,0.6311732965205046,0.002516341593700151,0.0017420779202756513,0.016853914689568872
1,0.9241080284118652,0.046535491943359375,0.6087631584895631,0.002645920714022578,0.0019050264275490203,0.016247538354501767,0.002929210662841797,0.003911256790161133,0.6740306985461687,0.002416262437965023,0.0017213363857968209,0.01843240439850624
2,0.8110537528991699,0.038831472396850586,0.6273667204643885,0.0025105499010338703,0.0017891009855122752,0.014457604156472348,0.001293182373046875,0.0021505355834960938,0.7011930730584675,0.002247460812553929,0.0015536637217395159,0.01540798387283382
3,0.8067312240600586,0.04281473159790039,0.5485698986080358,0.0028113181462081816,0.0019860191491244358,0.017685897770228887,0.0013155937194824219,0.0022292137145996094,0.631145862267047,0.002583785745846102,0.0017609813951159345,0.019819908499711936
4,0.754852294921875,0.04035210609436035,0.5980084437113143,0.0026559627019501954,0.0019119308562551304,0.017991373148082634,0.0011208057403564453,0.0021905899047851562,0.6678963409314013,0.0024301158089670796,0.0016943560362117683,0.017065264790754986
mean,0.8258549213409424,0.04224095344543457,0.5886038418870133,0.002670072800509602,0.0019056731568909244,0.016644147034381572,0.0019522666931152343,0.0031050682067871095,0.6610878542647178,0.0024387932798064565,0.0016944830918279384,0.017515895250275172
std,0.06189584761618062,0.002921878578895217,0.03316853751427131,0.00011110463915598625,7.249382335366591e-05,0.0014032315219065232,0.000975784602765463,0.0013155732670881383,0.030057049643549806,0.00012671583026126234,8.25204558993685e-05,0.0016757865706376884
