,rf_fit_time,rf_score_time,rf_test_r2,rf_test_rmse,rf_test_mae,rf_test_maxae,linear_fit_time,linear_score_time,linear_test_r2,linear_test_rmse,linear_test_mae,linear_test_maxae
0,213.94724369049072,7.97547173500061,0.8426805022786509,0.0018347566750895783,0.0010952655987061283,0.025992486454700536,0.31869053840637207,0.17268157005310059,0.7136191360565616,0.002490660020708522,0.001723048530186385,0.0239856135830967
1,208.2713623046875,8.645962715148926,0.8447855146154378,0.001821523758758839,0.001089424097133676,0.028539980826972178,0.10338830947875977,0.18040680885314941,0.7147431240438076,0.0024901616070110624,0.0017179126297820252,0.028319353065624497
2,208.3740153312683,8.315106630325317,0.8398144544182511,0.0018495325602372393,0.0011047727231119576,0.02525524906370813,0.17221689224243164,0.21847224235534668,0.7112108534252984,0.002508292244343476,0.001729252835270214,0.028208247235163464
3,207.39859628677368,8.491089105606079,0.8409957142467389,0.0018448999113998077,0.001096139217950652,0.023785767501961264,0.10857081413269043,0.1837143898010254,0.7170894439991015,0.0024852865502601688,0.0017091080771034165,0.024711581514752612
4,139.7560465335846,5.5245397090911865,0.841497478605641,0.0018295189564597652,0.0010861876664669632,0.027124415430624937,0.11536788940429688,0.20065045356750488,0.7124696586418308,0.0024799458416302268,0.0017119047661236532,0.025349026835899124
mean,195.54945282936097,7.7904339790344235,0.841954732832944,0.0018360463723890458,0.0010943578606738753,0.026139579855593408,0.16364688873291017,0.1911850929260254,0.71382644323332,0.0024908692527906913,0.0017182453676931387,0.02611476444690728
std,31.297370014881146,1.2909922762565267,0.0018874358636715525,1.1351643054886306e-05,7.1337346063643795e-06,0.0018080331819008324,0.09097707184710102,0.018361268661898925,0.0022479228435864406,1.0660589268268767e-05,8.18594427201854e-06,0.002020608880595795
