,rf_fit_time,rf_score_time,rf_test_r2,rf_test_rmse,rf_test_mae,rf_test_maxae,linear_fit_time,linear_score_time,linear_test_r2,linear_test_rmse,linear_test_mae,linear_test_maxae
0,153.87528133392334,5.932142972946167,0.6371766804321705,0.002432787073885361,0.0015604879174900615,0.027139409762567013,0.5770466327667236,0.20067405700683594,0.6583444028282947,0.0024185969016714214,0.0016677594553620523,0.026091872241563507
1,152.5614356994629,6.294808387756348,0.6399597029141983,0.0024367187059775794,0.001556906087991369,0.02943715754185028,0.11541438102722168,0.2118380069732666,0.6648226031686697,0.0024250674524642244,0.001662216609896445,0.02676621976664495
2,149.77675890922546,5.658828020095825,0.6334688775098363,0.0024580004482199747,0.001567827767897142,0.026920089696398808,0.11172914505004883,0.21599078178405762,0.6618170993347334,0.002422975421340337,0.0016694588441182937,0.02611046899040237
3,150.46078324317932,5.819415330886841,0.6430949666685716,0.002425337252996091,0.0015458492736286048,0.03162020545299349,0.1903700828552246,0.1887054443359375,0.6597859067657862,0.002435542713651448,0.0016792786443615005,0.02680402201357157
4,153.28705501556396,6.39074444770813,0.6352625483478203,0.0024534582103610337,0.0015731799855455196,0.031241827259085753,0.13424372673034668,0.20713591575622559,0.6647577357469309,0.002411783375448451,0.0016626227650549167,0.02817160728722723
mean,151.992262840271,6.0191878318786625,0.6377925551745195,0.002441260338288008,0.0015608502065105393,0.02927173794257907,0.2257607936859131,0.20486884117126464,0.661905549568883,0.002422793172915176,0.0016682672637586416,0.026788838059881925
std,1.7888607123713964,0.31279628480699617,0.0038172805034258233,1.3919290953009983e-05,1.0505059798868064e-05,0.002207996158700528,0.19887757815627155,0.010680099175411113,0.0029080338230030997,8.754722776179491e-06,6.917351618911694e-06,0.0008453902681694641
