,rf_fit_time,rf_score_time,rf_test_r2,rf_test_rmse,rf_test_mae,rf_test_maxae,linear_fit_time,linear_score_time,linear_test_r2,linear_test_rmse,linear_test_mae,linear_test_maxae
0,146.00985836982727,6.609088659286499,0.8164517155582807,0.0017843547979886742,0.0010559258440038897,0.025449930982890057,0.1273961067199707,0.24171185493469238,0.6626133979513124,0.00242636416032206,0.0016695143525161554,0.025733642449772054
1,146.42123913764954,6.672759294509888,0.8168645670894953,0.0017773944985715134,0.0010504928783359767,0.026339368313269884,0.22473526000976562,0.15155887603759766,0.6663181913339888,0.002411962816051863,0.0016607408157997422,0.026261332199582377
2,143.78371214866638,6.317083358764648,0.8179354145366838,0.0017653645349650178,0.0010476520507733994,0.027420774438841833,0.10466694831848145,0.1974775791168213,0.6623143210368235,0.0024134633767577737,0.0016645358268510626,0.028132339119911642
3,144.2942249774933,6.227018594741821,0.8171324840136135,0.0017839408524021624,0.0010610793028938766,0.026962960687555437,0.08835458755493164,0.21369171142578125,0.6690596949043214,0.0024171532792106203,0.0016636106901911861,0.028307867909344697
4,144.5616216659546,6.0711774826049805,0.81485138443928,0.0017850023840978644,0.001058601085891824,0.023885856509132553,0.1276869773864746,0.23996281623840332,0.6624101259918818,0.0024182840726452003,0.0016667654055944154,0.02470735570480498
mean,145.0141312599182,6.379425477981568,0.8166471131274708,0.0017792114136050464,0.0010547502323797933,0.02601177818633795,0.1345679759979248,0.20888056755065917,0.6645431462436656,0.0024174455409975036,0.0016650334181905126,0.02662850747668315
std,1.1410944564779837,0.2554021971847378,0.001140768751252023,8.327583109955442e-06,5.585192803427143e-06,0.0013993345864275679,0.05305344400831255,0.037023476279611105,0.003032794196189671,5.618011832364489e-06,3.308199668415307e-06,0.0015578981276914217
