,rf_fit_time,rf_score_time,rf_test_r2,rf_test_rmse,rf_test_mae,rf_test_maxae,linear_fit_time,linear_score_time,linear_test_r2,linear_test_rmse,linear_test_mae,linear_test_maxae
0,9.668951988220215,0.35375475883483887,0.7518103816425562,0.0018202854175040468,0.0014342783143441325,0.007571005222224203,0.009168624877929688,0.010588407516479492,0.7707265760475114,0.0017474070719802636,0.0013879632769308924,0.007033124242789901
1,9.921612024307251,0.33709001541137695,0.730821743414361,0.0018631111658519084,0.0014518221627895416,0.007400525556111592,0.0056226253509521484,0.013296365737915039,0.7563079001651577,0.001769962588679295,0.0014012556432230316,0.006263366808921589
2,9.656103134155273,0.34769630432128906,0.7412672518341562,0.0018042415603341019,0.001414838861101452,0.008323210429374783,0.005429744720458984,0.010179758071899414,0.7612189948033837,0.0017300051989869885,0.0013825662699348017,0.006492437608571211
3,9.512400388717651,0.3444845676422119,0.7330874022493226,0.0018647330234254993,0.001470890623040179,0.008066636491227075,0.0053288936614990234,0.024156808853149414,0.7544789430840223,0.0017845675442111281,0.0014232335356435507,0.007824042442445167
4,9.577833414077759,0.3632228374481201,0.7192974755278292,0.0019197839344604686,0.0015113810583270617,0.008952895562562513,0.017360210418701172,0.013355255126953125,0.7519159890920996,0.0017977668263912754,0.0014301447239428028,0.007473643749678294
mean,9.66738018989563,0.34924969673156736,0.735256850933645,0.001854431020315205,0.0014566422039204734,0.008062854652300033,0.008582019805908203,0.014315319061279298,0.7589296806384349,0.0017659418460497904,0.0014050326899350159,0.007017322970481232
std,0.1555641603945009,0.00985547536989004,0.012136954391042759,4.51037239771651e-05,3.698058765584905e-05,0.0006205980882234585,0.005164262275747984,0.0056966578867858,0.007420956262065848,2.743580155996299e-05,2.1049085528295578e-05,0.000652539113172636
