,rf_fit_time,rf_score_time,rf_test_r2,rf_test_rmse,rf_test_mae,rf_test_maxae,linear_fit_time,linear_score_time,linear_test_r2,linear_test_rmse,linear_test_mae,linear_test_maxae
0,0.1478102207183838,0.025987863540649414,0.2856209647006816,0.002707519029274496,0.0021709598054754143,0.009678460647270515,0.00231170654296875,0.0012788772583007812,0.42401044710900615,0.0024242466333804025,0.0018376621695889808,0.011160865478741289
1,0.12282776832580566,0.024056434631347656,0.2869056943870148,0.0031107893642879536,0.002445529229530478,0.014216519829416185,0.002908468246459961,0.0031423568725585938,0.5608273874056385,0.002524827461720222,0.0018432980746659851,0.011703493691714084
2,0.11761617660522461,0.025385618209838867,0.5722552599792073,0.0033465726321868965,0.0025365866845886405,0.01441727644123203,0.013548851013183594,0.001352548599243164,0.7364120658305536,0.0026379228334285744,0.001752373484926664,0.014325726513905956
3,0.11869311332702637,0.024050474166870117,0.5502884636570204,0.0028085142028499463,0.0018502364026012233,0.0168165163810996,0.001043558120727539,0.0013976097106933594,0.6067818124866692,0.0026727890424866232,0.0017654854706052512,0.014857940378250056
4,0.11434674263000488,0.04457354545593262,0.3787943528266673,0.0032747366546259033,0.0023240284535439807,0.017200588195701694,0.0007352828979492188,0.0011343955993652344,0.5275825639294884,0.002918499758627868,0.002020083011595235,0.0183355126234116
mean,0.12425880432128907,0.028810787200927734,0.4147729471101183,0.003049626376645039,0.0022654681151479472,0.014465872298944004,0.004109573364257812,0.0016611576080322265,0.5711228553522713,0.0026356571459287383,0.001843780442276423,0.014076707737204597
std,0.013509880315156196,0.008851972618477364,0.13918500477550194,0.00028185330602436794,0.0002695856972017198,0.0029995019241108103,0.005351663918100218,0.0008340061083853999,0.11427587083566772,0.00018598486387204466,0.00010677733412168319,0.0028698447184176703
