,rf_fit_time,rf_score_time,rf_test_r2,rf_test_rmse,rf_test_mae,rf_test_maxae,linear_fit_time,linear_score_time,linear_test_r2,linear_test_rmse,linear_test_mae,linear_test_maxae
0,15.77629280090332,0.6894466876983643,0.715732081952329,0.0025067872279015747,0.0017361550904705285,0.021308490787780077,0.03392457962036133,0.03231310844421387,0.7264899349093054,0.002486387911915605,0.0017219388172568404,0.023805363679938574
1,15.178133010864258,0.6895825862884521,0.716604706480925,0.002533628317521131,0.0017473869368131295,0.02668653797104492,0.021871089935302734,0.05604720115661621,0.7276758177027984,0.0025063119676973084,0.0017192255070868964,0.027988658333614636
2,15.287227392196655,0.7347302436828613,0.6868338507077346,0.0025225402594846996,0.001719423490733211,0.024434113966108617,0.035320281982421875,0.02552652359008789,0.7009650129431341,0.0024989680612375626,0.0017254951332755788,0.02287280342965392
3,14.819984197616577,0.6520488262176514,0.6808304350935863,0.0025813662413234316,0.001760821221869598,0.0236210536732796,0.005201578140258789,0.016054153442382812,0.6969444771722503,0.0025383834548502572,0.0017418105763730705,0.021141934129399464
4,10.208774089813232,0.4780292510986328,0.7088419897592635,0.0024842584652274824,0.001717266266152779,0.02424932048239603,0.004902362823486328,0.009308576583862305,0.7315871940080886,0.002416268997319373,0.0016642430328740413,0.02283688643188375
mean,14.254082298278808,0.6487675189971924,0.7017686127987677,0.0025257161022916638,0.0017362106012078493,0.02405990337612185,0.02024397850036621,0.027849912643432617,0.7167324873471154,0.0024892640786040214,0.0017145426133732856,0.02372912920089807
std,2.28709131758931,0.09984059497727855,0.016782246665025147,3.621693339533387e-05,1.8515474049607702e-05,0.0019260050619108275,0.01482177659290548,0.018050806151998465,0.016399734509640954,4.509452613921213e-05,2.945411950045277e-05,0.0025677017667360444
