,rf_fit_time,rf_score_time,rf_test_r2,rf_test_rmse,rf_test_mae,rf_test_maxae,linear_fit_time,linear_score_time,linear_test_r2,linear_test_rmse,linear_test_mae,linear_test_maxae
0,45.53908038139343,6.758996248245239,0.48285383362859974,0.0029586062295506453,0.0018798886988012431,0.03757764055574564,0.23978805541992188,0.2062222957611084,0.6665378491529417,0.0024215298164837386,0.0016656664737021386,0.02614580104725528
1,46.81165838241577,6.8382110595703125,0.4689616658474594,0.002999542526929208,0.001914933832249706,0.03724379713114545,0.22417211532592773,0.21538829803466797,0.6642303581820763,0.0024333861353257576,0.0016725927386922108,0.024007929591441712
2,44.44011425971985,6.64640212059021,0.47226012396869266,0.0029645601574937123,0.0018832923142308921,0.035945591919622766,0.11929631233215332,0.2160954475402832,0.6585190262593235,0.0024274431620338577,0.0016784966633344744,0.024674791950131225
3,43.96741056442261,6.445203542709351,0.4771649960046008,0.002968351827545573,0.00188005705680316,0.03400680710278836,0.1085972785949707,0.22330021858215332,0.6645199983089723,0.002430079164144112,0.0016687186767434246,0.026721157235625848
4,43.94305109977722,6.08256459236145,0.484690895650016,0.0029617363508229375,0.0018904385887250584,0.03569381080481615,0.11995172500610352,0.2236800193786621,0.6685625673785851,0.0024264963779620148,0.0016654000407302226,0.02573373858541883
mean,44.940262937545775,6.5542755126953125,0.47718630301987375,0.002970559418468415,0.0018897220981620119,0.03609352950282367,0.16236109733581544,0.216937255859375,0.6644739598563798,0.002427786931189896,0.0016701749186404942,0.02545668368197458
std,1.23001271653432,0.30225203606608114,0.006714762922030203,1.659525846406037e-05,1.4727489460979952e-05,0.0014196630035891828,0.0639515726107305,0.007139160244467732,0.0037582923635371764,4.402857259328632e-06,5.4850584280669924e-06,0.0011023586786634034
