,rf_fit_time,rf_score_time,rf_test_r2,rf_test_rmse,rf_test_mae,rf_test_maxae,linear_fit_time,linear_score_time,linear_test_r2,linear_test_rmse,linear_test_mae,linear_test_maxae
0,8.455496549606323,0.3720395565032959,0.6156542979557715,0.0025835979213833845,0.0017952057972059653,0.024537537502639872,0.01897120475769043,0.009468793869018555,0.6521250760867031,0.0024703967249329085,0.001699786921575923,0.023741298818029888
1,8.68253755569458,0.3617517948150635,0.6259182818748206,0.0025470704716255028,0.0017848363475089662,0.024799170651595426,0.007764101028442383,0.013659000396728516,0.6667570165627813,0.002414602294319926,0.0016676764253951673,0.0253003307988644
2,8.241994857788086,0.3287477493286133,0.6315135094253755,0.0025542910075877097,0.0017894801393238669,0.026169775037890086,0.005025386810302734,0.009049415588378906,0.6726942201172652,0.0024173275409831844,0.0016627214516737262,0.02620541113725372
3,8.37065863609314,0.3406398296356201,0.6067688338635909,0.0025662210836770952,0.001804638415463289,0.022498567024419103,0.004811525344848633,0.009784221649169922,0.6468104450776652,0.002443366160488279,0.0016906402280610791,0.021683798334178772
4,8.161981344223022,0.31632208824157715,0.6060185955564332,0.002535734288776856,0.0017648740533440625,0.023677194573381577,0.004661083221435547,0.009171724319458008,0.6550387188764106,0.0023864323356719767,0.0016364447266188026,0.022525164989240065
mean,8.38253378868103,0.343900203704834,0.6171747037351983,0.0025573829546101097,0.00178780695056923,0.024336448957985212,0.008246660232543945,0.010226631164550781,0.6586850953441651,0.002426425011279255,0.0016714539506649396,0.02389120081551337
std,0.20239899691332577,0.022974343550374345,0.011369960625696873,1.8370555124884027e-05,1.4795125551378916e-05,0.0013627232687835069,0.0061294745965172395,0.001939707906902787,0.010709210078507031,3.179020620599448e-05,2.4935128258503977e-05,0.001877655913988391
