,rf_fit_time,rf_score_time,rf_test_r2,rf_test_rmse,rf_test_mae,rf_test_maxae,linear_fit_time,linear_score_time,linear_test_r2,linear_test_rmse,linear_test_mae,linear_test_maxae
0,0.6936211585998535,0.04207277297973633,0.5653006176353071,0.0029120586742888144,0.002053980483860987,0.026802803243537454,0.003503561019897461,0.002754688262939453,0.6768975614590692,0.0025472153738925543,0.001760008275645589,0.026224491636029246
1,0.7134971618652344,0.05931687355041504,0.5882403248273718,0.0024507358397490597,0.0017854652929657083,0.015704847263748545,0.0029859542846679688,0.0022270679473876953,0.6523481911752508,0.002262226736093123,0.001583996118564055,0.016340781730901477
2,0.6030552387237549,0.03645634651184082,0.604086254205591,0.002622739317289671,0.0018322757011244946,0.020222566758369642,0.0020406246185302734,0.003371715545654297,0.6519383876338976,0.002483961032397599,0.0016832679161661373,0.02206005345668982
3,0.6362869739532471,0.05702829360961914,0.581922057249874,0.0025591734089419156,0.001795187157215125,0.017739145839760107,0.0011377334594726562,0.001943349838256836,0.6471219079357806,0.0023358055024874807,0.0015859521004709398,0.016186586252386226
4,0.6132018566131592,0.05416274070739746,0.5852892476405492,0.0025917857060615687,0.001750768541271194,0.02290587365449137,0.0010724067687988281,0.0019567012786865234,0.6421231838123351,0.0024536349888075767,0.001585446743044772,0.0232425505650643
mean,0.6519324779510498,0.049807405471801756,0.5849677003117387,0.0026272985892662063,0.0018435354352875019,0.020675047351981425,0.0021480560302734376,0.002450704574584961,0.6540858464032666,0.002416568726735667,0.0016397342307782985,0.020810892728214216
std,0.04914769511059991,0.009995192204144023,0.01389606643585697,0.00017189073751064732,0.00012117063807889698,0.004360422099768515,0.001087288117361554,0.0006107636035064941,0.013412746772083305,0.00011546463260043847,7.954152005432358e-05,0.004420025967300905
