,rf_fit_time,rf_score_time,rf_test_r2,rf_test_rmse,rf_test_mae,rf_test_maxae,linear_fit_time,linear_score_time,linear_test_r2,linear_test_rmse,linear_test_mae,linear_test_maxae
0,1.3666653633117676,0.08094954490661621,0.6141439238261354,0.00281405715746573,0.001971500711915236,0.02004087075190486,0.014172554016113281,0.0066204071044921875,0.6951414345619996,0.0025762909803076182,0.0017952964716311688,0.020486358211019517
1,1.520979404449463,0.09610319137573242,0.5842802117314893,0.0027801453859841313,0.001988888650505378,0.01794649946309801,0.012560844421386719,0.0025072097778320312,0.6616160969242687,0.0025831957653603605,0.00184979751665883,0.01945477586242572
2,1.2926130294799805,0.13457322120666504,0.6054408397516089,0.0027303833262996707,0.001984284281071173,0.016987671437252883,0.0022726058959960938,0.0020623207092285156,0.7121633842541532,0.002429137107837737,0.0016316157391682007,0.017076414159083564
3,0.976341724395752,0.11465716361999512,0.6211382235745109,0.002801098496375405,0.0019279098750389632,0.020369110110938893,0.0010800361633300781,0.001984834671020508,0.7164222494700518,0.002509996072523163,0.001684755179391171,0.019003908940284697
4,0.7543721199035645,0.03839755058288574,0.6354183914686189,0.0025645124390468945,0.0017849781820970946,0.015980369162492014,0.001043081283569336,0.0018985271453857422,0.6877848607274205,0.0024199492051860385,0.0016555889162559992,0.016538573293422565
mean,1.1821943283081056,0.09293613433837891,0.6120843180704727,0.002738039361034366,0.0019315123401255688,0.01826490418513733,0.0062258243560791016,0.003014659881591797,0.6946256051875788,0.0025037138262429836,0.001723410764621074,0.018512006093247213
std,0.31080714144045435,0.03651580414857543,0.01902562939548649,0.00010210078939902342,8.538329146585019e-05,0.001906144351395828,0.006562219319539339,0.002029295492999742,0.02190523280555857,7.77857429501287e-05,9.442132974864517e-05,0.00165712180831796
