,rf_fit_time,rf_score_time,rf_test_r2,rf_test_rmse,rf_test_mae,rf_test_maxae,linear_fit_time,linear_score_time,linear_test_r2,linear_test_rmse,linear_test_mae,linear_test_maxae
0,0.12111878395080566,0.024256467819213867,0.4830875468728911,0.0026597798330700367,0.0017592796886471535,0.011826381607502379,0.008280515670776367,0.0013794898986816406,0.6153451235871615,0.0023127042308391434,0.0015166359213363999,0.012136697766561566
1,0.12824749946594238,0.025760173797607422,0.6008435112354953,0.0030439063742573633,0.0021337885296703516,0.013763996737819584,0.00694727897644043,0.0011293888092041016,0.6752548014053912,0.002492498671849483,0.0016739483464596476,0.010666074733453157
2,0.12337970733642578,0.02480316162109375,0.4122589467321366,0.002058308549725037,0.0015773256647060286,0.00863981564114058,0.0007073879241943359,0.0010833740234375,0.45755199225487186,0.001929228281811928,0.0013653880506466012,0.007724490102183679
3,0.1146235466003418,0.02393054962158203,0.3693227650675141,0.003622356032143252,0.002270044507972284,0.02268138841575884,0.0007052421569824219,0.0010852813720703125,0.36326534768369495,0.003620386750218655,0.002077127203688096,0.025616319402844923
4,0.1139373779296875,0.023496150970458984,0.3921318377131351,0.0037187231002864455,0.0027841783583433333,0.018081859976519676,0.0006859302520751953,0.00102996826171875,0.655161097827822,0.0028143894522996934,0.001975741977014239,0.016593559128248225
mean,0.12026138305664062,0.02444930076599121,0.4515289215242344,0.003020614777896427,0.00210492334986783,0.014998688475748211,0.00346527099609375,0.001141500473022461,0.5533156725517883,0.0026338414774037806,0.001721768299828997,0.01454742822665831
std,0.006041841165237484,0.0008744122937299613,0.09370004026061113,0.0006903306091104283,0.00047098684162298236,0.0054898334025758125,0.0038163914256341175,0.00013762663689993997,0.136362662629346,0.0006374668269344746,0.00030089678542172786,0.006966635028433141
