,rf_fit_time,rf_score_time,rf_test_r2,rf_test_rmse,rf_test_mae,rf_test_maxae,linear_fit_time,linear_score_time,linear_test_r2,linear_test_rmse,linear_test_mae,linear_test_maxae
0,131.15322256088257,4.46714973449707,0.8632789113268738,0.0013419178706177506,0.0009179614840285927,0.008299624998081678,0.1296684741973877,0.23972034454345703,0.7620472457557917,0.0017701149727248754,0.001410130999035518,0.008455594817206924
1,129.645028591156,4.550909519195557,0.868688131834017,0.0013199248531214746,0.0009054964210473848,0.009074511587851664,0.12122678756713867,0.18958783149719238,0.7613364653109645,0.001778524364788745,0.0014185584392702093,0.008328529572824928
2,130.01815700531006,4.692594051361084,0.8620790948460466,0.0013416092474521665,0.0009228009056492307,0.007607670193717886,0.09391641616821289,0.20489883422851562,0.7577141184207702,0.001777757658223458,0.0014192188244078812,0.008324383992379891
3,130.96679019927979,4.470080852508545,0.8689279547439934,0.0013142918812997643,0.0009001225645655625,0.007677476012199258,0.08805680274963379,0.2113804817199707,0.7656562190878634,0.0017561576728288874,0.001402198655835943,0.009115797737978215
4,131.84460473060608,4.366674423217773,0.8674248744715745,0.0013238282641857423,0.0009095999356358591,0.00857270602450122,0.09424281120300293,0.22122573852539062,0.7582803454083212,0.0017880713395053217,0.0014245138139352494,0.009129291023971198
mean,130.7255606174469,4.509481716156006,0.866079793444501,0.0013283144233353795,0.0009111962621853259,0.008246397763270342,0.1054222583770752,0.21336264610290528,0.7610068787967422,0.0017741252016142575,0.0014149241464969603,0.008670719428872231
std,0.8890044300389076,0.12143386864115083,0.0031849342545828578,1.273723207462145e-05,9.193737038566182e-06,0.000617804093804027,0.01868545970618924,0.018690662014423567,0.0032048249185496844,1.1894916625689373e-05,8.782460347875095e-06,0.0004158435221824477
