,rf_fit_time,rf_score_time,rf_test_r2,rf_test_rmse,rf_test_mae,rf_test_maxae,linear_fit_time,linear_score_time,linear_test_r2,linear_test_rmse,linear_test_mae,linear_test_maxae
0,0.26885032653808594,0.032009124755859375,0.47928359600945303,0.003467611479152367,0.002762432796332132,0.015217150125688694,0.12857341766357422,0.0023660659790039062,0.7830250679140259,0.0024772810493702093,0.001566415489890685,0.013454966982542338
1,0.2241222858428955,0.06936049461364746,0.4970535450753348,0.0028408561645807844,0.00213849708460858,0.01652301495644204,0.1287837028503418,0.0019314289093017578,0.5351443478749524,0.0027212535796134474,0.0020084026354502886,0.018448239235964725
2,0.21828889846801758,0.03996586799621582,0.39825534016547953,0.0033742725383802755,0.002509262646564246,0.01721414325030679,0.0011751651763916016,0.0016591548919677734,0.6296567377747636,0.002774438348750276,0.0019570724250453204,0.01901351333287471
3,0.11384320259094238,0.02166914939880371,0.39013190338246645,0.0031015861248061233,0.0024613310243615668,0.011442956078921207,0.0007979869842529297,0.0011284351348876953,0.6898315386191,0.0022364764288246354,0.0017071208797367005,0.009157949071720517
4,0.15097999572753906,0.024680614471435547,0.7340727277144068,0.0019974946104938203,0.0014756784070269846,0.010744515475371474,0.0007176399230957031,0.0011146068572998047,0.7395349772579333,0.0019741762949996174,0.0013814535613835383,0.009987380127467915
mean,0.19521694183349608,0.03753705024719238,0.4997594224694281,0.0029563641834826743,0.002269440391778702,0.01422835597734604,0.05200958251953125,0.0016399383544921874,0.675438533888155,0.002436725140311637,0.0017240929983013066,0.01401240975011404
std,0.06198447845508898,0.01914593263222646,0.13932926641776158,0.0005894666154878941,0.0004961306475719077,0.0029603081163478754,0.06998913359182167,0.0005362383032623941,0.09704226711337607,0.00033567186597803283,0.00026346888633206443,0.004603395883839713
