,rf_fit_time,rf_score_time,rf_test_r2,rf_test_rmse,rf_test_mae,rf_test_maxae,linear_fit_time,linear_score_time,linear_test_r2,linear_test_rmse,linear_test_mae,linear_test_maxae
0,61.719340801239014,6.512178659439087,0.7707962094049141,0.0019702590704816455,0.001191010994450554,0.028566208611571775,0.20792937278747559,0.2100536823272705,0.6596281027614317,0.002436481366890381,0.001680814255447859,0.028236011615366707
1,61.64591574668884,6.416671514511108,0.7738840954206844,0.001962079637383591,0.0011871406982016542,0.027679568153180623,0.19471120834350586,0.20470976829528809,0.6639073877677526,0.0024238163178286146,0.0016701432526163356,0.026750974321226417
2,60.917179107666016,5.948511123657227,0.7807091916286614,0.0019225219396773734,0.0011624766633030682,0.025491255202336083,0.11929488182067871,0.21126627922058105,0.6604634016729475,0.002424542859038416,0.0016714144924971028,0.024288766278693252
3,61.61120057106018,5.8198747634887695,0.7798600974977692,0.0019361234251966523,0.001174879307707956,0.02765101200486264,0.10702681541442871,0.20619654655456543,0.6627727719718177,0.002425590998494387,0.0016746156134731204,0.028298376639997236
4,61.55928182601929,5.919810771942139,0.7740461593888601,0.0019540924871208724,0.0011859334442550539,0.025318218386634284,0.11143183708190918,0.20728468894958496,0.6596247448199914,0.002426290978174733,0.001679226957402694,0.026201082675975873
mean,61.49058361053467,6.123409366607666,0.7758591506681778,0.001949015311972027,0.0011802882215836573,0.02694125247171708,0.1480788230895996,0.207902193069458,0.6612792817987883,0.002427344504085306,0.0016752429142874222,0.0267550423062519
std,0.32577543826553057,0.31674883143788324,0.004252987999523898,1.946696626171166e-05,1.1622293130687172e-05,0.001451385787737908,0.04902410592297807,0.0027123835905536902,0.0019536503709975442,5.195292914048786e-06,4.689597817139741e-06,0.0016556385644854175
